{
  "m_InitPos": {
    "x": -1.493363618850708,
    "y": 1073.7342529296875,
    "z": -0.21620230376720428
  },
  "m_InitRot": {
    "x": -358.77780151367188,
    "y": 0.30352622270584106,
    "z": 63.222026824951172
  }
}