{
  "m_InitPos": {
    "x": 200.86236572265625,
    "y": 1796.592529296875,
    "z": -0.28289657831192017
  },
  "m_InitRot": {
    "x": -359.60971069335938,
    "y": 0.41663679480552673,
    "z": -88.213348388671875
  }
}