{
  "m_InitPos": {
    "x": 188.16973876953125,
    "y": 1819.4061279296875,
    "z": -0.24754530191421509
  },
  "m_InitRot": {
    "x": -359.69253540039063,
    "y": 0.51726895570755,
    "z": -61.5380744934082
  }
}