{
  "version": 1.0,
  "egoVehicle": {
    "DataID": 20700004,
    "UNIQUEID": -1,
    "m_eobstacleObjType": 0,
    "initPosition": {
      "initPositionMode": "Absolute",
      "pos": {
        "x": 242.90800476074219,
        "y": -40.527000427246094,
        "z": 0.81499999761581421,
        "_x": "242.908",
        "_y": "-40.527",
        "_z": "0.815"
      },
      "rot": {
        "roll": "-359.626",
        "pitch": "0.415",
        "yaw": "-12.844"
      },
      "initLink": "",
      "initLinkRatio": 0,
      "gear": 4,
      "vehicleSaveData": {
        "velocity": 0.59625154733657837,
        "inputData": [
          0,
          0,
          0,
          0,
          0,
          0,
          4,
          0,
          0,
          0
        ],
        "vehicle": {
          "time": 2515.8720703125,
          "lastVelocity": {
            "x": -0.15978729724884033,
            "y": -0.0008055809885263443,
            "z": 0.040230806916952133
          },
          "lastImpactTime": 2504.48876953125
        },
        "wheels": [
          {
            "L": 0.62568843364715576,
            "Tr": 0.1613069474697113,
            "contactDepth": 0.086750723421573639,
            "lastTireForce": {
              "x": -23.624929428100586,
              "y": -0.48880890011787415
            }
          },
          {
            "L": 0.62554103136062622,
            "Tr": 0.16145996749401093,
            "contactDepth": 0.089604027569293976,
            "lastTireForce": {
              "x": -35.925884246826172,
              "y": -0.48927256464958191
            }
          },
          {
            "L": 0.62568342685699463,
            "Tr": 0.16129499673843384,
            "contactDepth": 0.046147961169481277,
            "lastTireForce": {
              "x": -33.662403106689453,
              "y": -0.48877266049385071
            }
          },
          {
            "L": 0.62554144859313965,
            "Tr": 0.16145338118076324,
            "contactDepth": 0.042520035058259964,
            "lastTireForce": {
              "x": -31.284250259399414,
              "y": -0.4892527163028717
            }
          }
        ],
        "engine": {
          "L": 0.0,
          "Treaction": 0.0,
          "rpmLimiterActive": false,
          "rpmLimiterTime": 0.0,
          "tcsActivationTime": 0.0
        },
        "gearbox": {
          "L": 0.0,
          "manualGear": 0,
          "manualRatio": 0.0,
          "engaged": false,
          "lastEngagedTime": 0.0,
          "lastAutoShiftTime": 0.0,
          "vehicleMoving": false,
          "gearMode": 0,
          "automaticGear": 0,
          "automaticRatio": 0.0,
          "transition": false,
          "transitionStartedTime": 0.0,
          "fromGear": 0,
          "toGear": 0,
          "fromRatio": 0.0,
          "toRatio": 0.0,
          "transitionRatio": 0.0
        },
        "lastVelocity": {
          "x": -0.15978729724884033,
          "y": -0.0008055809885263443,
          "z": 0.040230806916952133
        }
      }
    },
    "currentVelocity": 0.59625154733657837,
    "v2vUDPSessionInfo": {
      "isInit": false,
      "v2vConfig": {
        "hostIP": "0.0.0.0",
        "Port": 5641,
        "receiveTimeout": 0,
        "BuffSize": 8196,
        "surroundVehiclePubTime": 100
      }
    },
    "beforeControlMode": 0,
    "currentControlMode": 1
  },
  "vehicleList": [
    {
      "DataID": 30100009,
      "UNIQUEID": 4,
      "m_eobstacleObjType": 1,
      "initPosition": {
        "initPositionMode": "Absolute",
        "pos": {
          "x": 428.25698852539063,
          "y": -142.32899475097656,
          "z": 0.51999998092651367,
          "_x": "428.257",
          "_y": "-142.329",
          "_z": "0.520"
        },
        "rot": {
          "roll": "-358.390",
          "pitch": "359.044",
          "yaw": "-126.350"
        },
        "initLink": "A219AS318428",
        "initLinkRatio": 0,
        "gear": 4,
        "vehicleSaveData": {
          "velocity": 3.2833288514666492E-06,
          "inputData": [
            1492,
            0,
            10000,
            0,
            0,
            1,
            4,
            0,
            0,
            0
          ],
          "vehicle": {
            "time": 358.36160278320313,
            "lastVelocity": {
              "x": 5.7990541790786665E-07,
              "y": 3.3313011726932018E-07,
              "z": -4.5160822992329486E-07
            },
            "lastImpactTime": 0.0
          },
          "wheels": [
            {
              "L": -6.7229174430163269E-16,
              "Tr": -14.547770500183105,
              "contactDepth": 0.0695764496922493,
              "lastTireForce": {
                "x": -154.02101135253906,
                "y": 55.971672058105469
              }
            },
            {
              "L": 2.2951907776148743E-15,
              "Tr": -14.547770500183105,
              "contactDepth": 0.072217710316181183,
              "lastTireForce": {
                "x": -159.67646789550781,
                "y": 58.627197265625
              }
            },
            {
              "L": -6.9316200084726821E-16,
              "Tr": -3.0048795451875776E-07,
              "contactDepth": 0.05781283974647522,
              "lastTireForce": {
                "x": -130.11891174316406,
                "y": 34.539222717285156
              }
            },
            {
              "L": -7.079264203926211E-16,
              "Tr": -3.0048795451875776E-07,
              "contactDepth": 0.057802915573120117,
              "lastTireForce": {
                "x": -129.77973937988281,
                "y": 35.687946319580078
              }
            }
          ],
          "engine": {
            "L": 32.976009368896484,
            "Treaction": -49.17578125,
            "rpmLimiterActive": false,
            "rpmLimiterTime": 0.0,
            "tcsActivationTime": -1.0
          },
          "gearbox": {
            "L": 7.8534413327581068E-18,
            "manualGear": 0,
            "manualRatio": 0.0,
            "engaged": false,
            "lastEngagedTime": 0.0,
            "lastAutoShiftTime": 0.0,
            "vehicleMoving": false,
            "gearMode": 4,
            "automaticGear": 1,
            "automaticRatio": 3.6649999618530273,
            "transition": false,
            "transitionStartedTime": 282.8231201171875,
            "fromGear": 2,
            "toGear": 1,
            "fromRatio": 2.3959999084472656,
            "toRatio": 3.6649999618530273,
            "transitionRatio": 3.6649999618530273
          },
          "lastVelocity": {
            "x": 5.7990541790786665E-07,
            "y": 3.3313011726932018E-07,
            "z": -4.5160822992329486E-07
          }
        }
      },
      "velocityType": 1,
      "linkVelocity": 85.0,
      "constantVelocity": 60.0,
      "desiredVelocity": 34.0,
      "currentVelocity": 3.2833288514666492E-06,
      "viewCurrentVelocity": 0.0,
      "isCloseLoop": false,
      "isLaneChange": false,
      "isEgo": false,
      "spawnPointUniqueID": -1,
      "destinationUniqueID": -1,
      "startPointLinkInfo": {
        "linkIdx": "A219AS318428",
        "pointIdx": 6
      },
      "endPointLinkInfo": {
        "linkIdx": "A219AS318430",
        "pointIdx": 17
      },
      "currentLinkInfo": {
        "linkIdx": "A219AS318428",
        "pointIdx": 21
      },
      "loopStartLinkInfo": {
        "linkIdx": "A219AS318428",
        "pointIdx": 6
      },
      "v2vUDPSessionInfo": {
        "isInit": false,
        "v2vConfig": {
          "hostIP": "0.0.0.0",
          "Port": 5645,
          "receiveTimeout": 0,
          "BuffSize": 8196,
          "surroundVehiclePubTime": 100
        }
      },
      "latBiasMode": 1,
      "bias": 0.0,
      "destinationMode": 1,
      "vehicleModelType": 257
    },
    {
      "DataID": 30100011,
      "UNIQUEID": 3,
      "m_eobstacleObjType": 1,